<?xml version="1.0"?>
<doc>
    <assembly>
        <name>XIVDrawer</name>
    </assembly>
    <members>
        <member name="T:XIVDrawer.BasicDrawing">
            <summary>
            The basic drawing thing.
            </summary>
        </member>
        <member name="P:XIVDrawer.BasicDrawing.Enable">
            <summary>
            If it is enabled.
            </summary>
        </member>
        <member name="P:XIVDrawer.BasicDrawing.DeadTime">
            <summary>
            The time that it will disappear.
            </summary>
        </member>
        <member name="M:XIVDrawer.BasicDrawing.Dispose">
            <inheritdoc/>
        </member>
        <member name="T:XIVDrawer.DrawingExtensions">
            <summary>
            A static class for drawing extension.
            </summary>
        </member>
        <member name="M:XIVDrawer.DrawingExtensions.Normalize(System.Numerics.Vector2@)">
            <summary>
            Normalize the <seealso cref="T:System.Numerics.Vector2"/> safely.
            </summary>
            <param name="vec">the vector to normalize</param>
            <returns>Is succeed.</returns>
        </member>
        <member name="M:XIVDrawer.DrawingExtensions.CanSee(System.Numerics.Vector3@)">
            <summary>
            Can the point be seen by the active camera.
            </summary>
            <param name="point">testing point in world.</param>
            <returns>can be seen.</returns>
        </member>
        <member name="M:XIVDrawer.DrawingExtensions.IsPointInside(System.Numerics.Vector3@,System.Collections.Generic.IEnumerable{System.Collections.Generic.IEnumerable{System.Numerics.Vector3}})">
            <summary>
            Is the point inside the polygon
            </summary>
            <param name="pt">testing point</param>
            <param name="pts">polygon</param>
            <returns>is Inside</returns>
        </member>
        <member name="M:XIVDrawer.DrawingExtensions.IsPointInside(System.Numerics.Vector2,System.Collections.Generic.IEnumerable{System.Collections.Generic.IEnumerable{System.Numerics.Vector2}})">
            <summary>
            Is the point inside the polygon
            </summary>
            <param name="pt">testing point</param>
            <param name="pts">polygon</param>
            <returns>is Inside</returns>
        </member>
        <member name="M:XIVDrawer.DrawingExtensions.ConvexPoints(System.Numerics.Vector2[]@)">
            <summary>
            ConvexDecomposition
            </summary>
            <param name="points">concave polygon</param>
            <returns>convex polygons</returns>
        </member>
        <member name="M:XIVDrawer.DrawingExtensions.EaseFuncRemap(XIVDrawer.EaseFuncType,XIVDrawer.EaseFuncType)">
            <summary>
            Get the ease function by <seealso cref="T:XIVDrawer.EaseFuncType"/>
            </summary>
            <param name="inType">input type</param>
            <param name="outType">output type</param>
            <returns>function</returns>
        </member>
        <member name="M:XIVDrawer.DrawingExtensions.GetFont(System.Single)">
            <summary>
            Get the font based on size.
            </summary>
            <param name="size"></param>
            <returns></returns>
        </member>
        <member name="T:XIVDrawer.EaseFuncType">
            <summary>
            Ease function type.
            </summary>
        </member>
        <member name="F:XIVDrawer.EaseFuncType.None">
            <summary>
            Line
            </summary>
        </member>
        <member name="F:XIVDrawer.EaseFuncType.Sine">
            <summary>
            <see href="https://easings.net#easeInSine">In</see>,
            <see href="https://easings.net#easeOutSine">Out</see>
            </summary>
        </member>
        <member name="F:XIVDrawer.EaseFuncType.Quad">
            <summary>
            <see href="https://easings.net#easeInQuad">In</see>,
            <see href="https://easings.net#easeOutQuad">Out</see>
            </summary>
        </member>
        <member name="F:XIVDrawer.EaseFuncType.Cubic">
            <summary>
            <see href="https://easings.net#easeInCubic">In</see>,
            <see href="https://easings.net#easeOutCubic">Out</see>
            </summary>
        </member>
        <member name="F:XIVDrawer.EaseFuncType.Quart">
            <summary>
            <see href="https://easings.net#easeInQuart">In</see>,
            <see href="https://easings.net#easeOutQuart">Out</see>
            </summary>
        </member>
        <member name="F:XIVDrawer.EaseFuncType.Quint">
            <summary>
            <see href="https://easings.net#easeInQuint">In</see>,
            <see href="https://easings.net#easeOutQuint">Out</see>
            </summary>
        </member>
        <member name="F:XIVDrawer.EaseFuncType.Expo">
            <summary>
            <see href="https://easings.net#easeInExpo">In</see>,
            <see href="https://easings.net#easeOutExpo">Out</see>
            </summary>
        </member>
        <member name="F:XIVDrawer.EaseFuncType.Circ">
            <summary>
            <see href="https://easings.net#easeInCirc">In</see>,
            <see href="https://easings.net#easeOutCirc">Out</see>
            </summary>
        </member>
        <member name="F:XIVDrawer.EaseFuncType.Back">
            <summary>
            <see href="https://easings.net#easeInBack">In</see>,
            <see href="https://easings.net#easeOutBack">Out</see>
            </summary>
        </member>
        <member name="F:XIVDrawer.EaseFuncType.Elastic">
            <summary>
            <see href="https://easings.net#easeInElastic">In</see>,
            <see href="https://easings.net#easeOutElastic">Out</see>
            </summary>
        </member>
        <member name="F:XIVDrawer.EaseFuncType.Bounce">
            <summary>
            <see href="https://easings.net#easeInBounce">In</see>,
            <see href="https://easings.net#easeOutBounce">Out</see>
            </summary>
        </member>
        <member name="T:XIVDrawer.Element2D.IDrawing2D">
            <summary>
            2D drawing element.
            </summary>
        </member>
        <member name="M:XIVDrawer.Element2D.IDrawing2D.Draw">
            <summary>
            Draw on the <seealso cref="T:ImGuiNET.ImGui"/>
            </summary>
        </member>
        <member name="T:XIVDrawer.Element2D.ImageDrawing">
            <summary>
            Drawing the image.
            </summary>
            <remarks>
            
            </remarks>
            <param name="texture"></param>
            <param name="pt1"></param>
            <param name="pt2"></param>
            <param name="col"></param>
        </member>
        <member name="M:XIVDrawer.Element2D.ImageDrawing.#ctor(Dalamud.Interface.Internal.IDalamudTextureWrap,System.Numerics.Vector2,System.Numerics.Vector2,System.UInt32)">
            <summary>
            Drawing the image.
            </summary>
            <remarks>
            
            </remarks>
            <param name="texture"></param>
            <param name="pt1"></param>
            <param name="pt2"></param>
            <param name="col"></param>
        </member>
        <member name="M:XIVDrawer.Element2D.ImageDrawing.#ctor(Dalamud.Interface.Internal.IDalamudTextureWrap,System.Numerics.Vector2,System.Numerics.Vector2,System.Numerics.Vector2,System.Numerics.Vector2,System.UInt32)">
            <summary>
            
            </summary>
            <param name="texture"></param>
            <param name="pt1"></param>
            <param name="pt2"></param>
            <param name="uv1"></param>
            <param name="uv2"></param>
            <param name="col"></param>
        </member>
        <member name="M:XIVDrawer.Element2D.ImageDrawing.Draw">
            <summary>
            Draw on the <seealso cref="T:ImGuiNET.ImGui"/>
            </summary>
        </member>
        <member name="T:XIVDrawer.Element2D.PolylineDrawing">
            <summary>
            Polyline drawing.
            </summary>
            <remarks>
            
            </remarks>
            <param name="pts"></param>
            <param name="color"></param>
            <param name="thickness"></param>
        </member>
        <member name="M:XIVDrawer.Element2D.PolylineDrawing.#ctor(System.Numerics.Vector2[],System.UInt32,System.Single)">
            <summary>
            Polyline drawing.
            </summary>
            <remarks>
            
            </remarks>
            <param name="pts"></param>
            <param name="color"></param>
            <param name="thickness"></param>
        </member>
        <member name="M:XIVDrawer.Element2D.PolylineDrawing.Draw">
            <summary>
            Draw on the <seealso cref="T:ImGuiNET.ImGui"/>
            </summary>
        </member>
        <member name="T:XIVDrawer.Element2D.TextDrawing">
            <summary>
            Text drawing.
            </summary>
            <remarks>
            
            </remarks>
            <param name="pt"></param>
            <param name="color"></param>
            <param name="text"></param>
            <param name="padding"></param>
            <param name="scale"></param>
            <param name="bgColor"></param>
            <param name="corner"></param>
            <param name="id"></param>
        </member>
        <member name="M:XIVDrawer.Element2D.TextDrawing.#ctor(System.Numerics.Vector2,System.UInt32,System.String,System.Numerics.Vector2,System.Single,System.UInt32,System.Single,System.Int32)">
            <summary>
            Text drawing.
            </summary>
            <remarks>
            
            </remarks>
            <param name="pt"></param>
            <param name="color"></param>
            <param name="text"></param>
            <param name="padding"></param>
            <param name="scale"></param>
            <param name="bgColor"></param>
            <param name="corner"></param>
            <param name="id"></param>
        </member>
        <member name="M:XIVDrawer.Element2D.TextDrawing.Draw">
            <summary>
            Draw on the <seealso cref="T:ImGuiNET.ImGui"/>
            </summary>
        </member>
        <member name="T:XIVDrawer.Element3D.Drawing3D">
            <summary>
            Basic drawing 2d element.
            </summary>
        </member>
        <member name="P:XIVDrawer.Element3D.Drawing3D.Color">
            <summary>
            The color of drawing. It always be the foreground color.
            </summary>
        </member>
        <member name="P:XIVDrawer.Element3D.Drawing3D.UpdateEveryFrame">
            <summary>
            What should it do every frame.
            </summary>
        </member>
        <member name="P:XIVDrawer.Element3D.Drawing3D.AlphaRatio">
            <summary>
            
            </summary>
        </member>
        <member name="P:XIVDrawer.Element3D.Drawing3D.AnimationRatio">
            <summary>
            
            </summary>
        </member>
        <member name="M:XIVDrawer.Element3D.Drawing3D.UpdateOnFrame">
            <summary>
            The things that can be done in the task.
            </summary>
        </member>
        <member name="T:XIVDrawer.Element3D.Drawing3DAnnulus">
            <summary>
            The annulus drawing.
            </summary>
        </member>
        <member name="P:XIVDrawer.Element3D.Drawing3DAnnulus.Center">
            <summary>
            The drawing center.
            </summary>
        </member>
        <member name="P:XIVDrawer.Element3D.Drawing3DAnnulus.Radius1">
            <summary>
            The radius 1 of annulus.
            </summary>
        </member>
        <member name="P:XIVDrawer.Element3D.Drawing3DAnnulus.Radius2">
            <summary>
            The radius 2 of annulus.
            </summary>
        </member>
        <member name="P:XIVDrawer.Element3D.Drawing3DAnnulus.ArcStartSpan">
            <summary>
            The arc start span.
            </summary>
        </member>
        <member name="M:XIVDrawer.Element3D.Drawing3DAnnulus.#ctor(System.Numerics.Vector3,System.Single,System.Single,System.UInt32,System.Single,System.Numerics.Vector2[])">
            <summary>
            
            </summary>
            <param name="center"></param>
            <param name="radius1"></param>
            <param name="radius2"></param>
            <param name="color"></param>
            <param name="thickness"></param>
            <param name="arcStartSpan"></param>
        </member>
        <member name="M:XIVDrawer.Element3D.Drawing3DAnnulus.UpdateOnFrame">
            <summary>
            The things that can be done in the task.
            </summary>
        </member>
        <member name="T:XIVDrawer.Element3D.Drawing3DAnnulusO">
            <summary>
            The annulus drawing binding by a <seealso cref="T:Dalamud.Game.ClientState.Objects.Types.GameObject"/>.
            </summary>
        </member>
        <member name="P:XIVDrawer.Element3D.Drawing3DAnnulusO.Including">
            <summary>
            The type of hit radius adding.
            </summary>
        </member>
        <member name="P:XIVDrawer.Element3D.Drawing3DAnnulusO.RadiusTarget1">
            <summary>
            The radius 1
            </summary>
        </member>
        <member name="P:XIVDrawer.Element3D.Drawing3DAnnulusO.RadiusTarget2">
            <summary>
            The radius 2
            </summary>
        </member>
        <member name="P:XIVDrawer.Element3D.Drawing3DAnnulusO.Target">
            <summary>
            The binding target
            </summary>
        </member>
        <member name="P:XIVDrawer.Element3D.Drawing3DAnnulusO.ArcStartSpanTarget">
            <summary>
            Arc start, span.
            </summary>
        </member>
        <member name="M:XIVDrawer.Element3D.Drawing3DAnnulusO.#ctor(Dalamud.Game.ClientState.Objects.Types.GameObject,System.Single,System.Single,System.UInt32,System.Single,XIVDrawer.Enum.RadiusInclude,System.Numerics.Vector2[])">
            <summary>
            
            </summary>
            <param name="target"></param>
            <param name="radius1"></param>
            <param name="radius2"></param>
            <param name="color"></param>
            <param name="thickness"></param>
            <param name="include"></param>
            <param name="arcStartSpan"></param>
        </member>
        <member name="M:XIVDrawer.Element3D.Drawing3DAnnulusO.UpdateOnFrame">
            <summary>
            The things that can be done in the task.
            </summary>
        </member>
        <member name="T:XIVDrawer.Element3D.Drawing3DCircularSector">
            <summary>
            The circular sector drawing.
            </summary>
        </member>
        <member name="P:XIVDrawer.Element3D.Drawing3DCircularSector.Center">
            <summary>
            The drawing center.
            </summary>
        </member>
        <member name="P:XIVDrawer.Element3D.Drawing3DCircularSector.Radius">
            <summary>
            The radius of circular sector.
            </summary>
        </member>
        <member name="P:XIVDrawer.Element3D.Drawing3DCircularSector.ArcStartSpan">
            <summary>
            The arc start span.
            </summary>
        </member>
        <member name="M:XIVDrawer.Element3D.Drawing3DCircularSector.#ctor(System.Numerics.Vector3,System.Single,System.UInt32,System.Single,System.Numerics.Vector2[])">
            <summary>
            
            </summary>
            <param name="center"></param>
            <param name="radius"></param>
            <param name="color"></param>
            <param name="thickness"></param>
            <param name="arcStartSpan"></param>
        </member>
        <member name="M:XIVDrawer.Element3D.Drawing3DCircularSector.UpdateOnFrame">
            <summary>
            The things that can be done in the task.
            </summary>
        </member>
        <member name="T:XIVDrawer.Element3D.Drawing3DCircularSectorO">
            <summary>
            The circular sector drawing binding by a <seealso cref="T:Dalamud.Game.ClientState.Objects.Types.GameObject"/>.
            </summary>
        </member>
        <member name="P:XIVDrawer.Element3D.Drawing3DCircularSectorO.Including">
            <summary>
            The type of hit radius adding.
            </summary>
        </member>
        <member name="P:XIVDrawer.Element3D.Drawing3DCircularSectorO.RadiusTarget">
            <summary>
            The radius of target.
            </summary>
        </member>
        <member name="P:XIVDrawer.Element3D.Drawing3DCircularSectorO.Target">
            <summary>
            The binding target
            </summary>
        </member>
        <member name="P:XIVDrawer.Element3D.Drawing3DCircularSectorO.ArcStartSpanTarget">
            <summary>
            Arc start, span.
            </summary>
        </member>
        <member name="M:XIVDrawer.Element3D.Drawing3DCircularSectorO.#ctor(Dalamud.Game.ClientState.Objects.Types.GameObject,System.Single,System.UInt32,System.Single,XIVDrawer.Enum.RadiusInclude,System.Numerics.Vector2[])">
            <summary>
            
            </summary>
            <param name="target"></param>
            <param name="radius"></param>
            <param name="color"></param>
            <param name="thickness"></param>
            <param name="include"></param>
            <param name="arcStartSpan"></param>
        </member>
        <member name="M:XIVDrawer.Element3D.Drawing3DCircularSectorO.UpdateOnFrame">
            <summary>
            The things that can be done in the task.
            </summary>
        </member>
        <member name="T:XIVDrawer.Element3D.Drawing3DImage">
            <summary>
            The 3d drawing element for image.
            </summary>
            <remarks>
            
            </remarks>
            <param name="texture"></param>
            <param name="position">position</param>
            <param name="size"></param>
        </member>
        <member name="M:XIVDrawer.Element3D.Drawing3DImage.#ctor(Dalamud.Interface.Internal.IDalamudTextureWrap,System.Numerics.Vector3,System.Single)">
            <summary>
            The 3d drawing element for image.
            </summary>
            <remarks>
            
            </remarks>
            <param name="texture"></param>
            <param name="position">position</param>
            <param name="size"></param>
        </member>
        <member name="P:XIVDrawer.Element3D.Drawing3DImage.Position">
            <summary>
            The position to draw.
            </summary>
        </member>
        <member name="P:XIVDrawer.Element3D.Drawing3DImage.Image">
            <summary>
            <seealso cref="T:ImGuiNET.ImGui"/> for texture.
            </summary>
        </member>
        <member name="P:XIVDrawer.Element3D.Drawing3DImage.Size">
            <summary>
            Drawing Height
            </summary>
        </member>
        <member name="P:XIVDrawer.Element3D.Drawing3DImage.MustInViewRange">
            <summary>
            The Image must be in range.
            </summary>
        </member>
        <member name="P:XIVDrawer.Element3D.Drawing3DImage.HideIfInvisible">
            <summary>
            If the <see cref="P:XIVDrawer.Element3D.Drawing3DImage.Position"/> can't be seen, it'll not be shown.
            </summary>
        </member>
        <member name="M:XIVDrawer.Element3D.Drawing3DImage.To2D">
            <summary>
            Convert this to the 2d elements.
            </summary>
            <returns></returns>
        </member>
        <member name="T:XIVDrawer.Element3D.Drawing3DPolyline">
            <summary>
            The polygon element.
            </summary>
        </member>
        <member name="P:XIVDrawer.Element3D.Drawing3DPolyline.InsideColor">
            <summary>
            If the player is inside of this, what the color it should be.
            </summary>
        </member>
        <member name="P:XIVDrawer.Element3D.Drawing3DPolyline.Thickness">
            <summary>
            The thickness of curve.
            </summary>
        </member>
        <member name="P:XIVDrawer.Element3D.Drawing3DPolyline.IsFill">
            <summary>
            Should it be filled.
            </summary>
        </member>
        <member name="P:XIVDrawer.Element3D.Drawing3DPolyline.IsMouseInside">
            <summary>
            Whether the mouse is within the drawing range.
            </summary>
        </member>
        <member name="P:XIVDrawer.Element3D.Drawing3DPolyline.PolylineType">
            <summary>
            The type of it, you can set it for moving suggestion.
            </summary>
        </member>
        <member name="P:XIVDrawer.Element3D.Drawing3DPolyline.BorderPoints">
            <summary>
            The border of polyline.
            </summary>
        </member>
        <member name="P:XIVDrawer.Element3D.Drawing3DPolyline.FillPoints">
            <summary>
            The fill of polygon.
            </summary>
        </member>
        <member name="M:XIVDrawer.Element3D.Drawing3DPolyline.#ctor(System.Collections.Generic.IEnumerable{System.Numerics.Vector3},System.UInt32,System.Single)">
            <summary>
            
            </summary>
            <param name="pts"></param>
            <param name="color"></param>
            <param name="thickness"></param>
        </member>
        <member name="M:XIVDrawer.Element3D.Drawing3DPolyline.#ctor(System.Collections.Generic.IEnumerable{System.Collections.Generic.IEnumerable{System.Numerics.Vector3}},System.UInt32,System.Single,System.Collections.Generic.IEnumerable{System.Collections.Generic.IEnumerable{System.Numerics.Vector3}})">
            <summary>
            
            </summary>
            <param name="borderPts"></param>
            <param name="color"></param>
            <param name="thickness"></param>
            <param name="fillPoints"></param>
        </member>
        <member name="M:XIVDrawer.Element3D.Drawing3DPolyline.To2D">
            <summary>
            Convert this to the 2d elements.
            </summary>
            <returns></returns>
        </member>
        <member name="M:XIVDrawer.Element3D.Drawing3DPolyline.UpdateOnFrame">
            <summary>
            The things that can be done in the task.
            </summary>
        </member>
        <member name="T:XIVDrawer.Element3D.Drawing3DText">
            <summary>
            The text drawing.
            </summary>
            <param name="text"></param>
            <param name="position"></param>
        </member>
        <member name="M:XIVDrawer.Element3D.Drawing3DText.#ctor(System.String,System.Numerics.Vector3)">
            <summary>
            The text drawing.
            </summary>
            <param name="text"></param>
            <param name="position"></param>
        </member>
        <member name="P:XIVDrawer.Element3D.Drawing3DText.Text">
            <summary>
            The text it should show.
            </summary>
        </member>
        <member name="P:XIVDrawer.Element3D.Drawing3DText.Position">
            <summary>
            The location of showing.
            </summary>
        </member>
        <member name="P:XIVDrawer.Element3D.Drawing3DText.HideIfInvisible">
            <summary>
            Should it hides if the <seealso cref="P:XIVDrawer.Element3D.Drawing3DText.Position"/> can't be seen by the active camera.
            </summary>
        </member>
        <member name="P:XIVDrawer.Element3D.Drawing3DText.Padding">
            <summary>
            The padding of the bg.
            </summary>
        </member>
        <member name="P:XIVDrawer.Element3D.Drawing3DText.Scale">
            <summary>
            The size of the text.
            </summary>
        </member>
        <member name="P:XIVDrawer.Element3D.Drawing3DText.BackgroundColor">
            <summary>
            The background Color.
            </summary>
        </member>
        <member name="P:XIVDrawer.Element3D.Drawing3DText.Corner">
            <summary>
            The corner of the background.
            </summary>
        </member>
        <member name="M:XIVDrawer.Element3D.Drawing3DText.To2D">
            <summary>
            Convert this to the 2d elements.
            </summary>
            <returns></returns>
        </member>
        <member name="T:XIVDrawer.ElementSpecial.DrawingHighlightHotbar">
            <summary>
            The hotbar highlight drawing.
            </summary>
        </member>
        <member name="P:XIVDrawer.ElementSpecial.DrawingHighlightHotbar.ActionIds">
            <summary>
            The action ids that 
            </summary>
        </member>
        <member name="P:XIVDrawer.ElementSpecial.DrawingHighlightHotbar.Color">
            <summary>
            The color of highlight.
            </summary>
        </member>
        <member name="M:XIVDrawer.ElementSpecial.DrawingHighlightHotbar.#ctor(System.Numerics.Vector4,System.UInt32[])">
            <summary>
            
            </summary>
            <param name="color">Color</param>
            <param name="ids">action ids</param>
        </member>
        <member name="M:XIVDrawer.ElementSpecial.DrawingHighlightHotbar.#ctor">
            <summary>
            
            </summary>
        </member>
        <member name="M:XIVDrawer.ElementSpecial.DrawingHighlightHotbar.UpdateOnFrame">
            <summary>
            The things that can be done in the task.
            </summary>
        </member>
        <member name="T:XIVDrawer.ElementSpecial.IDrawing">
            <summary>
            Drawing element
            </summary>
        </member>
        <member name="M:XIVDrawer.ElementSpecial.IDrawing.UpdateOnFrame">
            <summary>
            The things that it should upate on every frame.
            </summary>
        </member>
        <member name="T:XIVDrawer.Enum.PolylineType">
            <summary>
            Type of polygon for moving suggestion.
            </summary>
        </member>
        <member name="F:XIVDrawer.Enum.PolylineType.None">
            <summary>
            It is a normal polygon.
            </summary>
        </member>
        <member name="F:XIVDrawer.Enum.PolylineType.ShouldGoIn">
            <summary>
            The player should go into this polygon.
            </summary>
        </member>
        <member name="F:XIVDrawer.Enum.PolylineType.ShouldGoOut">
            <summary>
            The player should go out from this polygon.
            </summary>
        </member>
        <member name="T:XIVDrawer.Enum.RadiusInclude">
            <summary>
            The type of the radius addition.
            </summary>
        </member>
        <member name="F:XIVDrawer.Enum.RadiusInclude.None">
            <summary>
            Do not add anything.
            </summary>
        </member>
        <member name="F:XIVDrawer.Enum.RadiusInclude.IncludeTarget">
            <summary>
            Add the hit radius of the target.
            </summary>
        </member>
        <member name="F:XIVDrawer.Enum.RadiusInclude.IncludePlayer">
            <summary>
            Add the hit radius of the player.
            </summary>
        </member>
        <member name="F:XIVDrawer.Enum.RadiusInclude.IncludeBoth">
            <summary>
            Add the hit radius of the target and the player.
            </summary>
        </member>
        <member name="T:XIVDrawer.Vfx.LockOnOmen">
            <summary>
            "vfx/lockon/eff/{Name}.avfx".
            </summary>
        </member>
        <member name="F:XIVDrawer.Vfx.LockOnOmen.Share4">
            <summary>
            Use it with <see cref="M:XIVDrawer.Vfx.OmenHelper.LockOn(System.String)"/>, or <see cref="M:XIVDrawer.Vfx.OmenHelper.Channeling(System.String)"/>
            </summary>
        </member>
        <member name="F:XIVDrawer.Vfx.LockOnOmen.Share2">
            <summary>
            Use it with <see cref="M:XIVDrawer.Vfx.OmenHelper.LockOn(System.String)"/>, or <see cref="M:XIVDrawer.Vfx.OmenHelper.Channeling(System.String)"/>
            </summary>
        </member>
        <member name="F:XIVDrawer.Vfx.LockOnOmen.Single">
            <summary>
            Use it with <see cref="M:XIVDrawer.Vfx.OmenHelper.LockOn(System.String)"/>, or <see cref="M:XIVDrawer.Vfx.OmenHelper.Channeling(System.String)"/>
            </summary>
        </member>
        <member name="T:XIVDrawer.Vfx.ChannelingOmen">
            <summary>
             "vfx/channeling/eff/{Name}.avfx".
            </summary>
        </member>
        <member name="F:XIVDrawer.Vfx.ChannelingOmen.ChannelingDark">
            <summary>
            Use it with <see cref="M:XIVDrawer.Vfx.OmenHelper.Channeling(System.String)"/>, or <see cref="M:XIVDrawer.Vfx.OmenHelper.UnChanneling(System.String)"/>
            </summary>
        </member>
        <member name="F:XIVDrawer.Vfx.ChannelingOmen.ChannelingLight">
            <summary>
            Use it with <see cref="M:XIVDrawer.Vfx.OmenHelper.Channeling(System.String)"/>, or <see cref="M:XIVDrawer.Vfx.OmenHelper.UnChanneling(System.String)"/>
            </summary>
        </member>
        <member name="F:XIVDrawer.Vfx.ChannelingOmen.ChannelingWater">
            <summary>
            Use it with <see cref="M:XIVDrawer.Vfx.OmenHelper.Channeling(System.String)"/>, or <see cref="M:XIVDrawer.Vfx.OmenHelper.UnChanneling(System.String)"/>
            </summary>
        </member>
        <member name="F:XIVDrawer.Vfx.ChannelingOmen.ChannelingWind">
            <summary>
            Use it with <see cref="M:XIVDrawer.Vfx.OmenHelper.Channeling(System.String)"/>, or <see cref="M:XIVDrawer.Vfx.OmenHelper.UnChanneling(System.String)"/>
            </summary>
        </member>
        <member name="F:XIVDrawer.Vfx.ChannelingOmen.ChannelingFire">
            <summary>
            Use it with <see cref="M:XIVDrawer.Vfx.OmenHelper.Channeling(System.String)"/>, or <see cref="M:XIVDrawer.Vfx.OmenHelper.UnChanneling(System.String)"/>
            </summary>
        </member>
        <member name="F:XIVDrawer.Vfx.ChannelingOmen.ChannelingThunder">
            <summary>
            Use it with <see cref="M:XIVDrawer.Vfx.OmenHelper.Channeling(System.String)"/>, or <see cref="M:XIVDrawer.Vfx.OmenHelper.UnChanneling(System.String)"/>
            </summary>
        </member>
        <member name="F:XIVDrawer.Vfx.ChannelingOmen.ChannelingEarth">
            <summary>
            Use it with <see cref="M:XIVDrawer.Vfx.OmenHelper.Channeling(System.String)"/>, or <see cref="M:XIVDrawer.Vfx.OmenHelper.UnChanneling(System.String)"/>
            </summary>
        </member>
        <member name="F:XIVDrawer.Vfx.ChannelingOmen.ChannelingIce">
            <summary>
            Use it with <see cref="M:XIVDrawer.Vfx.OmenHelper.Channeling(System.String)"/>, or <see cref="M:XIVDrawer.Vfx.OmenHelper.UnChanneling(System.String)"/>
            </summary>
        </member>
        <member name="T:XIVDrawer.Vfx.OmenHelper">
            <summary>
            
            </summary>
        </member>
        <member name="M:XIVDrawer.Vfx.OmenHelper.LockOn(System.String)">
            <summary>
            Make name to lock on path.
            </summary>
            <param name="str"></param>
            <returns></returns>
        </member>
        <member name="M:XIVDrawer.Vfx.OmenHelper.UnLockOn(System.String)">
            <summary>
            Un lock on the string.
            </summary>
            <param name="str"></param>
            <returns></returns>
        </member>
        <member name="M:XIVDrawer.Vfx.OmenHelper.Omen(System.String)">
            <summary>
            Make name to omen path.
            </summary>
            <param name="str"></param>
            <returns></returns>
        </member>
        <member name="M:XIVDrawer.Vfx.OmenHelper.UnOmen(System.String)">
            <summary>
            Un omen the string.
            </summary>
            <param name="str"></param>
            <returns></returns>
        </member>
        <member name="M:XIVDrawer.Vfx.OmenHelper.Channeling(System.String)">
            <summary>
            channeling the str.
            </summary>
            <param name="str"></param>
            <returns></returns>
        </member>
        <member name="M:XIVDrawer.Vfx.OmenHelper.UnChanneling(System.String)">
            <summary>
            Un channeling the string.
            </summary>
            <param name="str"></param>
            <returns></returns>
        </member>
        <member name="T:XIVDrawer.Vfx.ActorVfx">
            <summary>
            
            </summary>
        </member>
        <member name="M:XIVDrawer.Vfx.ActorVfx.#ctor(System.String,Dalamud.Game.ClientState.Objects.Types.GameObject,Dalamud.Game.ClientState.Objects.Types.GameObject)">
            <summary>
            
            </summary>
            <param name="caster"></param>
            <param name="target"></param>
            <param name="path"></param>
        </member>
        <member name="M:XIVDrawer.Vfx.ActorVfx.#ctor(System.String,System.IntPtr,System.IntPtr,System.Nullable{System.Boolean})">
            <summary>
            
            </summary>
            <param name="caster"></param>
            <param name="target"></param>
            <param name="shouldRemove">Should this vfx be removed manually?</param>
            <param name="path"></param>
        </member>
        <member name="T:XIVDrawer.Vfx.GroundOmenHostile">
            <summary>
            "vfx/omen/eff/{Name}.avfx".
            </summary>
        </member>
        <member name="F:XIVDrawer.Vfx.GroundOmenHostile.Circle">
            <summary>
            Use it with <see cref="M:XIVDrawer.Vfx.OmenHelper.Omen(System.String)"/>.
            </summary>
        </member>
        <member name="F:XIVDrawer.Vfx.GroundOmenHostile.CircleEr">
            <summary>
            Use it with <see cref="M:XIVDrawer.Vfx.OmenHelper.Omen(System.String)"/>.
            </summary>
        </member>
        <member name="F:XIVDrawer.Vfx.GroundOmenHostile.Rectangle">
            <summary>
            Use it with <see cref="M:XIVDrawer.Vfx.OmenHelper.Omen(System.String)"/>.
            </summary>
        </member>
        <member name="F:XIVDrawer.Vfx.GroundOmenHostile.RectangleEr">
            <summary>
            Use it with <see cref="M:XIVDrawer.Vfx.OmenHelper.Omen(System.String)"/>.
            </summary>
        </member>
        <member name="F:XIVDrawer.Vfx.GroundOmenHostile.Rectangle2">
            <summary>
            Use it with <see cref="M:XIVDrawer.Vfx.OmenHelper.Omen(System.String)"/>.
            </summary>
        </member>
        <member name="F:XIVDrawer.Vfx.GroundOmenHostile.Fan015">
            <summary>
            Use it with <see cref="M:XIVDrawer.Vfx.OmenHelper.Omen(System.String)"/>.
            </summary>
        </member>
        <member name="F:XIVDrawer.Vfx.GroundOmenHostile.Fan020">
            <summary>
            Use it with <see cref="M:XIVDrawer.Vfx.OmenHelper.Omen(System.String)"/>.
            </summary>
        </member>
        <member name="F:XIVDrawer.Vfx.GroundOmenHostile.Fan030">
            <summary>
            Use it with <see cref="M:XIVDrawer.Vfx.OmenHelper.Omen(System.String)"/>.
            </summary>
        </member>
        <member name="F:XIVDrawer.Vfx.GroundOmenHostile.Fan45">
            <summary>
            Use it with <see cref="M:XIVDrawer.Vfx.OmenHelper.Omen(System.String)"/>.
            </summary>
        </member>
        <member name="F:XIVDrawer.Vfx.GroundOmenHostile.Fan060">
            <summary>
            Use it with <see cref="M:XIVDrawer.Vfx.OmenHelper.Omen(System.String)"/>.
            </summary>
        </member>
        <member name="F:XIVDrawer.Vfx.GroundOmenHostile.Fan060Er">
            <summary>
            Use it with <see cref="M:XIVDrawer.Vfx.OmenHelper.Omen(System.String)"/>.
            </summary>
        </member>
        <member name="F:XIVDrawer.Vfx.GroundOmenHostile.Fan090">
            <summary>
            Use it with <see cref="M:XIVDrawer.Vfx.OmenHelper.Omen(System.String)"/>.
            </summary>
        </member>
        <member name="F:XIVDrawer.Vfx.GroundOmenHostile.Fan090Er">
            <summary>
            Use it with <see cref="M:XIVDrawer.Vfx.OmenHelper.Omen(System.String)"/>.
            </summary>
        </member>
        <member name="F:XIVDrawer.Vfx.GroundOmenHostile.Fan120">
            <summary>
            Use it with <see cref="M:XIVDrawer.Vfx.OmenHelper.Omen(System.String)"/>.
            </summary>
        </member>
        <member name="F:XIVDrawer.Vfx.GroundOmenHostile.Fan120Er">
            <summary>
            Use it with <see cref="M:XIVDrawer.Vfx.OmenHelper.Omen(System.String)"/>.
            </summary>
        </member>
        <member name="F:XIVDrawer.Vfx.GroundOmenHostile.Fan150">
            <summary>
            Use it with <see cref="M:XIVDrawer.Vfx.OmenHelper.Omen(System.String)"/>.
            </summary>
        </member>
        <member name="F:XIVDrawer.Vfx.GroundOmenHostile.Fan150Er">
            <summary>
            Use it with <see cref="M:XIVDrawer.Vfx.OmenHelper.Omen(System.String)"/>.
            </summary>
        </member>
        <member name="F:XIVDrawer.Vfx.GroundOmenHostile.Fan180">
            <summary>
            Use it with <see cref="M:XIVDrawer.Vfx.OmenHelper.Omen(System.String)"/>.
            </summary>
        </member>
        <member name="F:XIVDrawer.Vfx.GroundOmenHostile.Fan180Er">
            <summary>
            Use it with <see cref="M:XIVDrawer.Vfx.OmenHelper.Omen(System.String)"/>.
            </summary>
        </member>
        <member name="F:XIVDrawer.Vfx.GroundOmenHostile.Fan210">
            <summary>
            Use it with <see cref="M:XIVDrawer.Vfx.OmenHelper.Omen(System.String)"/>.
            </summary>
        </member>
        <member name="F:XIVDrawer.Vfx.GroundOmenHostile.Fan270">
            <summary>
            Use it with <see cref="M:XIVDrawer.Vfx.OmenHelper.Omen(System.String)"/>.
            </summary>
        </member>
        <member name="F:XIVDrawer.Vfx.GroundOmenHostile.Fan270Er">
            <summary>
            Use it with <see cref="M:XIVDrawer.Vfx.OmenHelper.Omen(System.String)"/>.
            </summary>
        </member>
        <member name="F:XIVDrawer.Vfx.GroundOmenHostile.Sircle06">
            <summary>
            Use it with <see cref="M:XIVDrawer.Vfx.OmenHelper.Omen(System.String)"/>.
            </summary>
        </member>
        <member name="F:XIVDrawer.Vfx.GroundOmenHostile.Sircle08">
            <summary>
            Use it with <see cref="M:XIVDrawer.Vfx.OmenHelper.Omen(System.String)"/>.
            </summary>
        </member>
        <member name="F:XIVDrawer.Vfx.GroundOmenHostile.Sircle10">
            <summary>
            Use it with <see cref="M:XIVDrawer.Vfx.OmenHelper.Omen(System.String)"/>.
            </summary>
        </member>
        <member name="F:XIVDrawer.Vfx.GroundOmenHostile.Sircle11">
            <summary>
            Use it with <see cref="M:XIVDrawer.Vfx.OmenHelper.Omen(System.String)"/>.
            </summary>
        </member>
        <member name="F:XIVDrawer.Vfx.GroundOmenHostile.Sircle13">
            <summary>
            Use it with <see cref="M:XIVDrawer.Vfx.OmenHelper.Omen(System.String)"/>.
            </summary>
        </member>
        <member name="F:XIVDrawer.Vfx.GroundOmenHostile.Sircle15">
            <summary>
            Use it with <see cref="M:XIVDrawer.Vfx.OmenHelper.Omen(System.String)"/>.
            </summary>
        </member>
        <member name="F:XIVDrawer.Vfx.GroundOmenHostile.Sircle15Er">
            <summary>
            Use it with <see cref="M:XIVDrawer.Vfx.OmenHelper.Omen(System.String)"/>.
            </summary>
        </member>
        <member name="F:XIVDrawer.Vfx.GroundOmenHostile.Sircle17">
            <summary>
            Use it with <see cref="M:XIVDrawer.Vfx.OmenHelper.Omen(System.String)"/>.
            </summary>
        </member>
        <member name="F:XIVDrawer.Vfx.GroundOmenHostile.Sircle18">
            <summary>
            Use it with <see cref="M:XIVDrawer.Vfx.OmenHelper.Omen(System.String)"/>.
            </summary>
        </member>
        <member name="F:XIVDrawer.Vfx.GroundOmenHostile.Sircle20">
            <summary>
            Use it with <see cref="M:XIVDrawer.Vfx.OmenHelper.Omen(System.String)"/>.
            </summary>
        </member>
        <member name="F:XIVDrawer.Vfx.GroundOmenHostile.Sircle21">
            <summary>
            Use it with <see cref="M:XIVDrawer.Vfx.OmenHelper.Omen(System.String)"/>.
            </summary>
        </member>
        <member name="F:XIVDrawer.Vfx.GroundOmenHostile.Sircle23">
            <summary>
            Use it with <see cref="M:XIVDrawer.Vfx.OmenHelper.Omen(System.String)"/>.
            </summary>
        </member>
        <member name="F:XIVDrawer.Vfx.GroundOmenHostile.Sircle25">
            <summary>
            Use it with <see cref="M:XIVDrawer.Vfx.OmenHelper.Omen(System.String)"/>.
            </summary>
        </member>
        <member name="F:XIVDrawer.Vfx.GroundOmenHostile.Sircle25Er">
            <summary>
            Use it with <see cref="M:XIVDrawer.Vfx.OmenHelper.Omen(System.String)"/>.
            </summary>
        </member>
        <member name="F:XIVDrawer.Vfx.GroundOmenHostile.Sircle27">
            <summary>
            Use it with <see cref="M:XIVDrawer.Vfx.OmenHelper.Omen(System.String)"/>.
            </summary>
        </member>
        <member name="F:XIVDrawer.Vfx.GroundOmenHostile.Sircle28">
            <summary>
            Use it with <see cref="M:XIVDrawer.Vfx.OmenHelper.Omen(System.String)"/>.
            </summary>
        </member>
        <member name="F:XIVDrawer.Vfx.GroundOmenHostile.Sircle30Er">
            <summary>
            Use it with <see cref="M:XIVDrawer.Vfx.OmenHelper.Omen(System.String)"/>.
            </summary>
        </member>
        <member name="F:XIVDrawer.Vfx.GroundOmenHostile.Sircle33">
            <summary>
            Use it with <see cref="M:XIVDrawer.Vfx.OmenHelper.Omen(System.String)"/>.
            </summary>
        </member>
        <member name="F:XIVDrawer.Vfx.GroundOmenHostile.Sircle38">
            <summary>
            Use it with <see cref="M:XIVDrawer.Vfx.OmenHelper.Omen(System.String)"/>.
            </summary>
        </member>
        <member name="F:XIVDrawer.Vfx.GroundOmenHostile.Sircle40">
            <summary>
            Use it with <see cref="M:XIVDrawer.Vfx.OmenHelper.Omen(System.String)"/>.
            </summary>
        </member>
        <member name="F:XIVDrawer.Vfx.GroundOmenHostile.Sircle40Er">
            <summary>
            Use it with <see cref="M:XIVDrawer.Vfx.OmenHelper.Omen(System.String)"/>.
            </summary>
        </member>
        <member name="F:XIVDrawer.Vfx.GroundOmenHostile.Sircle42Er">
            <summary>
            Use it with <see cref="M:XIVDrawer.Vfx.OmenHelper.Omen(System.String)"/>.
            </summary>
        </member>
        <member name="F:XIVDrawer.Vfx.GroundOmenHostile.Sircle47">
            <summary>
            Use it with <see cref="M:XIVDrawer.Vfx.OmenHelper.Omen(System.String)"/>.
            </summary>
        </member>
        <member name="F:XIVDrawer.Vfx.GroundOmenHostile.Sircle50">
            <summary>
            Use it with <see cref="M:XIVDrawer.Vfx.OmenHelper.Omen(System.String)"/>.
            </summary>
        </member>
        <member name="F:XIVDrawer.Vfx.GroundOmenHostile.Sircle50Er">
            <summary>
            Use it with <see cref="M:XIVDrawer.Vfx.OmenHelper.Omen(System.String)"/>.
            </summary>
        </member>
        <member name="F:XIVDrawer.Vfx.GroundOmenHostile.Sircle55">
            <summary>
            Use it with <see cref="M:XIVDrawer.Vfx.OmenHelper.Omen(System.String)"/>.
            </summary>
        </member>
        <member name="F:XIVDrawer.Vfx.GroundOmenHostile.Sircle57">
            <summary>
            Use it with <see cref="M:XIVDrawer.Vfx.OmenHelper.Omen(System.String)"/>.
            </summary>
        </member>
        <member name="F:XIVDrawer.Vfx.GroundOmenHostile.Sircle61Er">
            <summary>
            Use it with <see cref="M:XIVDrawer.Vfx.OmenHelper.Omen(System.String)"/>.
            </summary>
        </member>
        <member name="F:XIVDrawer.Vfx.GroundOmenHostile.Sircle67">
            <summary>
            Use it with <see cref="M:XIVDrawer.Vfx.OmenHelper.Omen(System.String)"/>.
            </summary>
        </member>
        <member name="F:XIVDrawer.Vfx.GroundOmenHostile.Sircle67Er">
            <summary>
            Use it with <see cref="M:XIVDrawer.Vfx.OmenHelper.Omen(System.String)"/>.
            </summary>
        </member>
        <member name="F:XIVDrawer.Vfx.GroundOmenHostile.Sircle75">
            <summary>
            Use it with <see cref="M:XIVDrawer.Vfx.OmenHelper.Omen(System.String)"/>.
            </summary>
        </member>
        <member name="F:XIVDrawer.Vfx.GroundOmenHostile.Sircle82">
            <summary>
            Use it with <see cref="M:XIVDrawer.Vfx.OmenHelper.Omen(System.String)"/>.
            </summary>
        </member>
        <member name="F:XIVDrawer.Vfx.GroundOmenHostile.Sircle86">
            <summary>
            Use it with <see cref="M:XIVDrawer.Vfx.OmenHelper.Omen(System.String)"/>.
            </summary>
        </member>
        <member name="F:XIVDrawer.Vfx.GroundOmenHostile.Sircle88">
            <summary>
            Use it with <see cref="M:XIVDrawer.Vfx.OmenHelper.Omen(System.String)"/>.
            </summary>
        </member>
        <member name="F:XIVDrawer.Vfx.GroundOmenHostile.Sircle90">
            <summary>
            Use it with <see cref="M:XIVDrawer.Vfx.OmenHelper.Omen(System.String)"/>.
            </summary>
        </member>
        <member name="F:XIVDrawer.Vfx.GroundOmenHostile.Fan060_20">
            <summary>
            Use it with <see cref="M:XIVDrawer.Vfx.OmenHelper.Omen(System.String)"/>.
            </summary>
        </member>
        <member name="F:XIVDrawer.Vfx.GroundOmenHostile.Fan180_25">
            <summary>
            Use it with <see cref="M:XIVDrawer.Vfx.OmenHelper.Omen(System.String)"/>.
            </summary>
        </member>
        <member name="F:XIVDrawer.Vfx.GroundOmenHostile.Fan060_38">
            <summary>
            Use it with <see cref="M:XIVDrawer.Vfx.OmenHelper.Omen(System.String)"/>.
            </summary>
        </member>
        <member name="F:XIVDrawer.Vfx.GroundOmenHostile.Fan060_61">
            <summary>
            Use it with <see cref="M:XIVDrawer.Vfx.OmenHelper.Omen(System.String)"/>.
            </summary>
        </member>
        <member name="F:XIVDrawer.Vfx.GroundOmenHostile.Fan060_70">
            <summary>
            Use it with <see cref="M:XIVDrawer.Vfx.OmenHelper.Omen(System.String)"/>.
            </summary>
        </member>
        <member name="F:XIVDrawer.Vfx.GroundOmenHostile.Fan270_0100">
            <summary>
            Use it with <see cref="M:XIVDrawer.Vfx.OmenHelper.Omen(System.String)"/>.
            </summary>
        </member>
        <member name="F:XIVDrawer.Vfx.GroundOmenHostile.Fan270_42">
            <summary>
            Use it with <see cref="M:XIVDrawer.Vfx.OmenHelper.Omen(System.String)"/>.
            </summary>
        </member>
        <member name="F:XIVDrawer.Vfx.GroundOmenHostile.Fan270_50">
            <summary>
            Use it with <see cref="M:XIVDrawer.Vfx.OmenHelper.Omen(System.String)"/>.
            </summary>
        </member>
        <member name="F:XIVDrawer.Vfx.GroundOmenHostile.Fan270_67">
            <summary>
            Use it with <see cref="M:XIVDrawer.Vfx.OmenHelper.Omen(System.String)"/>.
            </summary>
        </member>
        <member name="T:XIVDrawer.Vfx.GroundOmenNone">
            <summary>
            "vfx/omen/eff/{Name}.avfx".
            </summary>
        </member>
        <member name="F:XIVDrawer.Vfx.GroundOmenNone.Circle">
            <summary>
            Use it with <see cref="M:XIVDrawer.Vfx.OmenHelper.Omen(System.String)"/>.
            </summary>
        </member>
        <member name="F:XIVDrawer.Vfx.GroundOmenNone.Fan120">
            <summary>
            Use it with <see cref="M:XIVDrawer.Vfx.OmenHelper.Omen(System.String)"/>.
            </summary>
        </member>
        <member name="T:XIVDrawer.Vfx.GroundOmenFriendly">
            <summary>
            "vfx/omen/eff/{Name}.avfx".
            </summary>
        </member>
        <member name="F:XIVDrawer.Vfx.GroundOmenFriendly.BasicCircle">
            <summary>
            Use it with <see cref="M:XIVDrawer.Vfx.OmenHelper.Omen(System.String)"/>.
            </summary>
        </member>
        <member name="F:XIVDrawer.Vfx.GroundOmenFriendly.Circle">
            <summary>
            Use it with <see cref="M:XIVDrawer.Vfx.OmenHelper.Omen(System.String)"/>.
            </summary>
        </member>
        <member name="F:XIVDrawer.Vfx.GroundOmenFriendly.Rectangle">
            <summary>
            Use it with <see cref="M:XIVDrawer.Vfx.OmenHelper.Omen(System.String)"/>.
            </summary>
        </member>
        <member name="F:XIVDrawer.Vfx.GroundOmenFriendly.Rectangle2">
            <summary>
            Use it with <see cref="M:XIVDrawer.Vfx.OmenHelper.Omen(System.String)"/>.
            </summary>
        </member>
        <member name="F:XIVDrawer.Vfx.GroundOmenFriendly.Fan020">
            <summary>
            Use it with <see cref="M:XIVDrawer.Vfx.OmenHelper.Omen(System.String)"/>.
            </summary>
        </member>
        <member name="F:XIVDrawer.Vfx.GroundOmenFriendly.Fan030">
            <summary>
            Use it with <see cref="M:XIVDrawer.Vfx.OmenHelper.Omen(System.String)"/>.
            </summary>
        </member>
        <member name="F:XIVDrawer.Vfx.GroundOmenFriendly.Fan045">
            <summary>
            Use it with <see cref="M:XIVDrawer.Vfx.OmenHelper.Omen(System.String)"/>.
            </summary>
        </member>
        <member name="F:XIVDrawer.Vfx.GroundOmenFriendly.Fan060">
            <summary>
            Use it with <see cref="M:XIVDrawer.Vfx.OmenHelper.Omen(System.String)"/>.
            </summary>
        </member>
        <member name="F:XIVDrawer.Vfx.GroundOmenFriendly.Fan090">
            <summary>
            Use it with <see cref="M:XIVDrawer.Vfx.OmenHelper.Omen(System.String)"/>.
            </summary>
        </member>
        <member name="F:XIVDrawer.Vfx.GroundOmenFriendly.Fan120">
            <summary>
            Use it with <see cref="M:XIVDrawer.Vfx.OmenHelper.Omen(System.String)"/>.
            </summary>
        </member>
        <member name="F:XIVDrawer.Vfx.GroundOmenFriendly.Fan150">
            <summary>
            Use it with <see cref="M:XIVDrawer.Vfx.OmenHelper.Omen(System.String)"/>.
            </summary>
        </member>
        <member name="T:XIVDrawer.Vfx.StaticVfx">
            <summary>
            
            </summary>
        </member>
        <member name="P:XIVDrawer.Vfx.StaticVfx.Enable">
            <inheritdoc/>
        </member>
        <member name="P:XIVDrawer.Vfx.StaticVfx.Owner">
            <summary>
            The owner of this static vfx
            </summary>
        </member>
        <member name="P:XIVDrawer.Vfx.StaticVfx.Target">
            <summary>
            The rotation to the target.
            </summary>
        </member>
        <member name="P:XIVDrawer.Vfx.StaticVfx.RotateAddition">
            <summary>
            The rotate addition.
            </summary>
        </member>
        <member name="P:XIVDrawer.Vfx.StaticVfx.LocationOffset">
            <summary>
            The location offset.
            </summary>
        </member>
        <member name="M:XIVDrawer.Vfx.StaticVfx.#ctor(System.String,Dalamud.Game.ClientState.Objects.Types.GameObject,System.Numerics.Vector3)">
            <summary>
            
            </summary>
            <param name="path"></param>
            <param name="owner"></param>
            <param name="scale"></param>
        </member>
        <member name="M:XIVDrawer.Vfx.StaticVfx.#ctor(System.String,System.Numerics.Vector3,System.Single,System.Numerics.Vector3)">
            <summary>
            
            </summary>
            <param name="path"></param>
            <param name="position"></param>
            <param name="rotation"></param>
            <param name="scale"></param>
        </member>
        <member name="M:XIVDrawer.Vfx.StaticVfx.#ctor(System.String,System.Numerics.Vector3,System.Numerics.Vector3,System.Numerics.Vector3)">
            <summary>
            
            </summary>
            <param name="path"></param>
            <param name="position"></param>
            <param name="rotation"></param>
            <param name="scale"></param>
        </member>
        <member name="M:XIVDrawer.Vfx.StaticVfx.Update">
            <summary>
            
            </summary>
        </member>
        <member name="M:XIVDrawer.Vfx.StaticVfx.UpdatePosition(System.Numerics.Vector3)">
            <summary>
            
            </summary>
            <param name="position"></param>
        </member>
        <member name="M:XIVDrawer.Vfx.StaticVfx.UpdateScale(System.Numerics.Vector3)">
            <summary>
            
            </summary>
            <param name="scale"></param>
        </member>
        <member name="M:XIVDrawer.Vfx.StaticVfx.UpdateRotation(System.Single)">
            <summary>
            
            </summary>
            <param name="rotation"></param>
        </member>
        <member name="M:XIVDrawer.Vfx.StaticVfx.UpdateRotation(System.Numerics.Vector3)">
            <summary>
            
            </summary>
            <param name="rotation"></param>
        </member>
        <member name="T:XIVDrawer.Vfx.VfxHighlightLine">
            <summary>
            The element that can show the location that the player should go.
            </summary>
            <remarks>
            
            </remarks>
            <param name="from"></param>
            <param name="to"></param>
            <param name="radius"></param>
        </member>
        <member name="M:XIVDrawer.Vfx.VfxHighlightLine.#ctor(System.Numerics.Vector3,System.Numerics.Vector3,System.Single)">
            <summary>
            The element that can show the location that the player should go.
            </summary>
            <remarks>
            
            </remarks>
            <param name="from"></param>
            <param name="to"></param>
            <param name="radius"></param>
        </member>
        <member name="P:XIVDrawer.Vfx.VfxHighlightLine.From">
            <summary>
            The position where it from
            </summary>
        </member>
        <member name="P:XIVDrawer.Vfx.VfxHighlightLine.To">
            <summary>
            The position where it to
            </summary>
        </member>
        <member name="P:XIVDrawer.Vfx.VfxHighlightLine.Radius">
            <summary>
            Highlight circle radius
            </summary>
        </member>
        <member name="P:XIVDrawer.Vfx.VfxHighlightLine.UpdateEveryFrame">
            <summary>
            What should it do every frame.
            </summary>
        </member>
        <member name="P:XIVDrawer.Vfx.VfxHighlightLine.Enable">
            <inheritdoc/>
        </member>
        <member name="T:XIVDrawer.XIVDrawerMain">
            <summary>
            The drawer for FFXIV in Dalamud.
            </summary>
        </member>
        <member name="P:XIVDrawer.XIVDrawerMain.HeightScale">
            <summary>
            The height scale for the vfx things.
            </summary>
        </member>
        <member name="P:XIVDrawer.XIVDrawerMain.Enable">
            <summary>
            Enable this <seealso cref="T:XIVDrawer.XIVDrawerMain"/>
            </summary>
        </member>
        <member name="P:XIVDrawer.XIVDrawerMain.SampleLength">
            <summary>
            The length of sample, please don't set this too low!
            </summary>
        </member>
        <member name="P:XIVDrawer.XIVDrawerMain.WarningTime">
            <summary>
            The time of warning.
            </summary>
        </member>
        <member name="P:XIVDrawer.XIVDrawerMain.WarningRatio">
            <summary>
            How much alpha value should be changed when warning.
            </summary>
        </member>
        <member name="P:XIVDrawer.XIVDrawerMain.WarningType">
            <summary>
            The ease function type for warning.
            </summary>
        </member>
        <member name="P:XIVDrawer.XIVDrawerMain.UseTaskToAccelerate">
            <summary>
            To make it faster
            </summary>
        </member>
        <member name="P:XIVDrawer.XIVDrawerMain.ViewPadding">
            <summary>
            The view Padding range.
            </summary>
        </member>
        <member name="M:XIVDrawer.XIVDrawerMain.Init(Dalamud.Plugin.DalamudPluginInterface,System.String)">
            <summary>
            The way to create this.
            </summary>
            <param name="pluginInterface"></param>
            <param name="name"></param>
            <returns></returns>
        </member>
        <member name="M:XIVDrawer.XIVDrawerMain.Dispose">
            <summary>
            Don't forget to dispose this!
            </summary>
        </member>
        <member name="M:XIVDrawer.XIVDrawerMain.GetPtsOnScreen(System.Collections.Generic.IEnumerable{System.Numerics.Vector3},System.Boolean,System.Boolean)">
            <summary>
            Make the world point project into the screen.
            </summary>
            <param name="pts"></param>
            <param name="isClosed">Is pts closed</param>
            <param name="inScreen">Must be draw in the screen.</param>
            <returns></returns>
        </member>
        <member name="M:XIVDrawer.XIVDrawerMain.GetPtInRect(System.Numerics.Vector2,System.Numerics.Vector2,System.Numerics.Vector2)">
            <summary>
            Make the <paramref name="pt"/> into the Rectangle.
            </summary>
            <param name="pos"></param>
            <param name="size"></param>
            <param name="pt"></param>
            <returns></returns>
        </member>
    </members>
</doc>
