{
  "Author": "кайт машина (Puni.sh)",
  "Name": "AutoRetainer",
  "InternalName": "AutoRetainer",
  "AssemblyVersion": "3.1.3.0",
  "Description": "Collect and assign ventures to your retainers from the comfort of your bed.",
  "ApplicableVersion": "any",
  "RepoUrl": "https://github.com/PunishXIV/AutoRetainer",
  "DalamudApiLevel": 8,
  "LoadRequiredState": 0,
  "LoadSync": false,
  "CanUnloadAsync": false,
  "LoadPriority": 0,
  "IconUrl": "https://love.puni.sh/resources/auto-retainer.png",
  "Punchline": "Collect and assign ventures to your retainers from the comfort of your bed.",
  "AcceptsFeedback": true
}