{
		"Author": "NightmareXIV",
		"Name": "Splatoon",
		"Punchline": "Redefining FFXIV navigation with unlimited, precise waymarks. ",
		"Description": "Splatoon plugin is an accessibility tool for Final Fantasy XIV. It provides a custom waymark system and allows to create infinite grouped waymarks, labels and actor indicators with pixel precision, enabling player to see important objects and events easier and react to them faster. Plugin does not comes with any preconfigured presets, you are required to either make them or import them. ",
		"Tags": [
				"Utility",
				"Accessibility"
		],
		"InternalName": "Splatoon",
		"RepoUrl": "https://github.com/PunishXIV/Splatoon",
		"ApplicableVersion": "any",
		"AssemblyVersion": "3.2.1.5",
		"DalamudApiLevel": 8,
		"LastUpdate": 1684437468,
		"DownloadLinkInstall": "https://love.puni.sh/plugins/Splatoon/latest.zip",
		"DownloadLinkUpdate": "https://love.puni.sh/plugins/Splatoon/latest.zip",
		"DownloadLinkTesting": "https://love.puni.sh/plugins/Splatoon/latest.zip",
		"AcceptsFeedback": true,
		"IconUrl": "https://love.puni.sh/resources/splatoon.png"
}
